id,chapter,file,tool,tool_version,os,captured_at,window_size,caption,status,notes
ch01-01,ch01,figures/ch01-01-placeholder.png,,,,,1280x800,"AI가 코드를 써주는 시대, 학원은 무엇을 파는가 — 그림 자리 (캡처 예정)",todo,플레이스홀더
ch02-01,ch02,figures/ch02-01-placeholder.png,,,,,1280x800,30분 준비물 — 그림 자리 (캡처 예정),todo,플레이스홀더
ch03-01,ch03,figures/ch03-01-placeholder.png,,,,,1280x800,학부모가 5초 안에 보는 것 — 페이지 설계 — 그림 자리 (캡처 예정),todo,플레이스홀더
ch04-01,ch04,figures/ch04-01-placeholder.png,,,,,1280x800,대화로 페이지 만들기 (따라하기) — 그림 자리 (캡처 예정),todo,플레이스홀더
ch05-01,ch05,figures/ch05-01-placeholder.png,,,,,1280x800,배포: 세상에 URL 만들기 — 그림 자리 (캡처 예정),todo,플레이스홀더
ch06-01,ch06,figures/ch06-01-placeholder.png,,,,,1280x800,문의 폼 붙이기 — 그림 자리 (캡처 예정),todo,플레이스홀더
ch07-01,ch07,figures/ch07-01-placeholder.png,,,,,1280x800,"개인정보, 원장이 알아야 할 최소한 — 그림 자리 (캡처 예정)",todo,플레이스홀더
ch08-01,ch08,figures/ch08-01-placeholder.png,,,,,1280x800,왜 게임인가 — 그림 자리 (캡처 예정),todo,플레이스홀더
ch09-01,ch09,figures/ch09-01-placeholder.png,,,,,1280x800,과목별 미니게임 레시피 — 그림 자리 (캡처 예정),todo,플레이스홀더
ch10-01,ch10,figures/ch10-01-placeholder.png,,,,,1280x800,다듬기와 배포 — 그림 자리 (캡처 예정),todo,플레이스홀더
ch11-01,ch11,figures/ch11-01-placeholder.png,,,,,1280x800,만든 것을 보여주는 용기 — 그림 자리 (캡처 예정),todo,플레이스홀더
ch12-01,ch12,figures/ch12-01-placeholder.png,,,,,1280x800,라운지에 올리기 (실습) — 그림 자리 (캡처 예정),todo,플레이스홀더
ch13-01,ch13,figures/ch13-01-placeholder.png,,,,,1280x800,코딩학원 원장님께 — 그림 자리 (캡처 예정),todo,플레이스홀더
ch14-01,ch14,figures/ch14-01-placeholder.png,,,,,1280x800,일반학원 원장님께 — 강사 없이 부설 코딩반 여는 법 — 그림 자리 (캡처 예정),todo,플레이스홀더
ch15-01,ch15,figures/ch15-01-placeholder.png,,,,,1280x800,렛츠코딩 라운지가 하는 일과 하지 않는 일 — 그림 자리 (캡처 예정),todo,플레이스홀더
